Department,Median_Tenure,Average_Tenure,Median_All Employees,Average_All Employees
Accounting,3.1238877481177276,3.038786694868371,3.1786447638603694,3.0676613660281715
Customer Service,3.159479808350445,3.0427080175651864,3.1786447638603694,3.0676613660281715
Engineering,3.2114989733059547,3.0822420500086323,3.1786447638603694,3.0676613660281715
IT,3.2032854209445585,3.062613343088079,3.1786447638603694,3.0676613660281715
Marketing,3.2087611225188226,3.0836857080879554,3.1786447638603694,3.0676613660281715
Sales,3.2224503764544834,3.0963611781070646,3.1786447638603694,3.0676613660281715
